"","plot","species","date","number_alive","community","number_planted","percent_alive","month"
"1",2458,"mala",2022-04-29,6,"chaparral_only",12,0.5,"Apr"
"2",2458,"ceol",2022-04-29,11,"chaparral_only",13,0.846153846153846,"Apr"
"3",2458,"rhil",2022-04-29,11,"chaparral_only",12,0.916666666666667,"Apr"
"4",2458,"adfa",2022-04-29,4,"chaparral_only",13,0.307692307692308,"Apr"
"5",2458,"cecu",2022-04-29,0,"chaparral_only",5,0,"Apr"
"6",2458,"rhov",2022-04-29,13,"chaparral_only",13,1,"Apr"
"7",2458,"hear",2022-04-29,13,"chaparral_only",13,1,"Apr"
"8",2401,"hear",2022-04-20,5,"sage_obligate_seeder/resprouter",7,0.714285714285714,"Apr"
"9",2401,"saap",2022-04-20,9,"sage_obligate_seeder/resprouter",10,0.9,"Apr"
"10",2401,"rhil",2022-04-20,5,"sage_obligate_seeder/resprouter",7,0.714285714285714,"Apr"
"11",2401,"arca",2022-04-20,7,"sage_obligate_seeder/resprouter",10,0.7,"Apr"
"12",2401,"ceol",2022-04-20,5,"sage_obligate_seeder/resprouter",7,0.714285714285714,"Apr"
"13",2401,"same",2022-04-20,6,"sage_obligate_seeder/resprouter",7,0.857142857142857,"Apr"
"14",2401,"sale",2022-04-20,9,"sage_obligate_seeder/resprouter",10,0.9,"Apr"
"15",2401,"erfa",2022-04-20,2,"sage_obligate_seeder/resprouter",7,0.285714285714286,"Apr"
"16",2401,"cecu",2022-04-20,4,"sage_obligate_seeder/resprouter",5,0.8,"Apr"
"17",2401,"enca",2022-04-20,8,"sage_obligate_seeder/resprouter",10,0.8,"Apr"
"18",2462,"saap",2022-04-20,10,"sage_facultative_resprouter",10,1,"Apr"
"19",2462,"rhov",2022-04-20,10,"sage_facultative_resprouter",10,1,"Apr"
"20",2462,"adfa",2022-04-20,2,"sage_facultative_resprouter",9,0.222222222222222,"Apr"
"21",2462,"arca",2022-04-20,7,"sage_facultative_resprouter",10,0.7,"Apr"
"22",2462,"same",2022-04-20,7,"sage_facultative_resprouter",7,1,"Apr"
"23",2462,"sale",2022-04-20,9,"sage_facultative_resprouter",10,0.9,"Apr"
"24",2462,"mala",2022-04-20,3,"sage_facultative_resprouter",8,0.375,"Apr"
"25",2462,"enca",2022-04-20,9,"sage_facultative_resprouter",10,0.9,"Apr"
"26",2462,"erfa",2022-04-20,3,"sage_facultative_resprouter",7,0.428571428571429,"Apr"
"27",14,"adfa",2022-04-29,5,"sage_facultative_resprouter",9,0.555555555555556,"Apr"
"28",14,"arca",2022-04-29,10,"sage_facultative_resprouter",10,1,"Apr"
"29",14,"mala",2022-04-29,6,"sage_facultative_resprouter",8,0.75,"Apr"
"30",14,"saap",2022-04-29,10,"sage_facultative_resprouter",10,1,"Apr"
"31",14,"sale",2022-04-29,10,"sage_facultative_resprouter",10,1,"Apr"
"32",14,"rhov",2022-04-29,9,"sage_facultative_resprouter",9,1,"Apr"
"33",14,"same",2022-04-29,7,"sage_facultative_resprouter",7,1,"Apr"
"34",14,"enca",2022-04-29,10,"sage_facultative_resprouter",10,1,"Apr"
"35",14,"erfa",2022-04-29,4,"sage_facultative_resprouter",7,0.571428571428571,"Apr"
"36",15,"mala",2022-04-29,8,"chaparral_only",12,0.666666666666667,"Apr"
"37",15,"adfa",2022-04-29,2,"chaparral_only",13,0.153846153846154,"Apr"
"38",15,"rhov",2022-04-29,13,"chaparral_only",13,1,"Apr"
"39",15,"ceol",2022-04-29,13,"chaparral_only",13,1,"Apr"
"40",15,"hear",2022-04-29,9,"chaparral_only",12,0.75,"Apr"
"41",15,"cecu",2022-04-29,5,"chaparral_only",5,1,"Apr"
"42",15,"rhil",2022-04-29,9,"chaparral_only",12,0.75,"Apr"
"43",2404,"mala",2022-04-29,5,"sage_facultative_resprouter",8,0.625,"Apr"
"44",2404,"sale",2022-04-29,12,"sage_facultative_resprouter",12,1,"Apr"
"45",2404,"adfa",2022-04-29,6,"sage_facultative_resprouter",9,0.666666666666667,"Apr"
"46",2404,"erfa",2022-04-29,7,"sage_facultative_resprouter",7,1,"Apr"
"47",2404,"arca",2022-04-29,8,"sage_facultative_resprouter",10,0.8,"Apr"
"48",2404,"saap",2022-04-29,10,"sage_facultative_resprouter",10,1,"Apr"
"49",2404,"same",2022-04-29,6,"sage_facultative_resprouter",7,0.857142857142857,"Apr"
"50",2404,"rhov",2022-04-29,9,"sage_facultative_resprouter",9,1,"Apr"
"51",2404,"enca",2022-04-29,9,"sage_facultative_resprouter",10,0.9,"Apr"
"52",2461,"enca",2022-04-29,9,"sage_obligate_seeder/resprouter",10,0.9,"Apr"
"53",2461,"arca",2022-04-29,10,"sage_obligate_seeder/resprouter",10,1,"Apr"
"54",2461,"hear",2022-04-29,5,"sage_obligate_seeder/resprouter",7,0.714285714285714,"Apr"
"55",2461,"saap",2022-04-29,10,"sage_obligate_seeder/resprouter",10,1,"Apr"
"56",2461,"sale",2022-04-29,9,"sage_obligate_seeder/resprouter",10,0.9,"Apr"
"57",2461,"ceol",2022-04-29,7,"sage_obligate_seeder/resprouter",7,1,"Apr"
"58",2461,"erfa",2022-04-29,4,"sage_obligate_seeder/resprouter",7,0.571428571428571,"Apr"
"59",2461,"same",2022-04-29,6,"sage_obligate_seeder/resprouter",7,0.857142857142857,"Apr"
"60",2461,"cecu",2022-04-29,2,"sage_obligate_seeder/resprouter",5,0.4,"Apr"
"61",2461,"rhil",2022-04-29,6,"sage_obligate_seeder/resprouter",7,0.857142857142857,"Apr"
"62",11,"mala",2022-04-20,5,"sage_facultative_resprouter",8,0.625,"Apr"
"63",11,"enca",2022-04-20,8,"sage_facultative_resprouter",10,0.8,"Apr"
"64",11,"same",2022-04-20,6,"sage_facultative_resprouter",7,0.857142857142857,"Apr"
"65",11,"arca",2022-04-20,1,"sage_facultative_resprouter",10,0.1,"Apr"
"66",11,"sale",2022-04-20,10,"sage_facultative_resprouter",10,1,"Apr"
"67",11,"adfa",2022-04-20,2,"sage_facultative_resprouter",9,0.222222222222222,"Apr"
"68",11,"erfa",2022-04-20,3,"sage_facultative_resprouter",7,0.428571428571429,"Apr"
"69",11,"rhov",2022-04-20,8,"sage_facultative_resprouter",9,0.888888888888889,"Apr"
"70",11,"saap",2022-04-20,10,"sage_facultative_resprouter",10,1,"Apr"
"71",13,"sale",2022-04-29,10,"sage_obligate_seeder/resprouter",10,1,"Apr"
"72",13,"arca",2022-04-29,9,"sage_obligate_seeder/resprouter",10,0.9,"Apr"
"73",13,"cecu",2022-04-29,5,"sage_obligate_seeder/resprouter",5,1,"Apr"
"74",13,"enca",2022-04-29,9,"sage_obligate_seeder/resprouter",10,0.9,"Apr"
"75",13,"saap",2022-04-29,9,"sage_obligate_seeder/resprouter",10,0.9,"Apr"
"76",13,"ceol",2022-04-29,7,"sage_obligate_seeder/resprouter",7,1,"Apr"
"77",13,"hear",2022-04-29,7,"sage_obligate_seeder/resprouter",7,1,"Apr"
"78",13,"same",2022-04-29,6,"sage_obligate_seeder/resprouter",7,0.857142857142857,"Apr"
"79",13,"rhil",2022-04-29,6,"sage_obligate_seeder/resprouter",7,0.857142857142857,"Apr"
"80",13,"erfa",2022-04-29,2,"sage_obligate_seeder/resprouter",7,0.285714285714286,"Apr"
"81",2402,"hear",2022-04-29,7,"chaparral_only",12,0.583333333333333,"Apr"
"82",2402,"rhov",2022-04-29,9,"chaparral_only",13,0.692307692307692,"Apr"
"83",2402,"cecu",2022-04-29,3,"chaparral_only",5,0.6,"Apr"
"84",2402,"rhil",2022-04-29,11,"chaparral_only",12,0.916666666666667,"Apr"
"85",2402,"ceol",2022-04-29,9,"chaparral_only",13,0.692307692307692,"Apr"
"86",2402,"adfa",2022-04-29,3,"chaparral_only",13,0.230769230769231,"Apr"
"87",2402,"mala",2022-04-29,4,"chaparral_only",12,0.333333333333333,"Apr"
"88",2460,"saap",2022-04-20,9,"sage_facultative_resprouter",10,0.9,"Apr"
"89",2460,"erfa",2022-04-20,5,"sage_facultative_resprouter",7,0.714285714285714,"Apr"
"90",2460,"mala",2022-04-20,4,"sage_facultative_resprouter",8,0.5,"Apr"
"91",2460,"arca",2022-04-20,10,"sage_facultative_resprouter",10,1,"Apr"
"92",2460,"rhov",2022-04-20,8,"sage_facultative_resprouter",9,0.888888888888889,"Apr"
"93",2460,"sale",2022-04-20,10,"sage_facultative_resprouter",10,1,"Apr"
"94",2460,"enca",2022-04-20,9,"sage_facultative_resprouter",10,0.9,"Apr"
"95",2460,"same",2022-04-20,8,"sage_facultative_resprouter",8,1,"Apr"
"96",2460,"adfa",2022-04-20,4,"sage_facultative_resprouter",9,0.444444444444444,"Apr"
"97",12,"hear",2022-04-29,9,"chaparral_only",12,0.75,"Apr"
"98",12,"mala",2022-04-29,4,"chaparral_only",12,0.333333333333333,"Apr"
"99",12,"adfa",2022-04-29,2,"chaparral_only",13,0.153846153846154,"Apr"
"100",12,"rhov",2022-04-29,11,"chaparral_only",13,0.846153846153846,"Apr"
"101",12,"rhil",2022-04-29,10,"chaparral_only",12,0.833333333333333,"Apr"
"102",12,"ceol",2022-04-29,10,"chaparral_only",13,0.769230769230769,"Apr"
"103",12,"cecu",2022-04-29,4,"chaparral_only",5,0.8,"Apr"
"104",2405,"sale",2022-04-20,9,"sage_obligate_seeder/resprouter",10,0.9,"Apr"
"105",2405,"enca",2022-04-20,9,"sage_obligate_seeder/resprouter",10,0.9,"Apr"
"106",2405,"same",2022-04-20,7,"sage_obligate_seeder/resprouter",7,1,"Apr"
"107",2405,"cecu",2022-04-20,4,"sage_obligate_seeder/resprouter",5,0.8,"Apr"
"108",2405,"ceol",2022-04-20,6,"sage_obligate_seeder/resprouter",7,0.857142857142857,"Apr"
"109",2405,"arca",2022-04-20,1,"sage_obligate_seeder/resprouter",10,0.1,"Apr"
"110",2405,"saap",2022-04-20,9,"sage_obligate_seeder/resprouter",10,0.9,"Apr"
"111",2405,"erfa",2022-04-20,4,"sage_obligate_seeder/resprouter",7,0.571428571428571,"Apr"
"112",2405,"hear",2022-04-20,5,"sage_obligate_seeder/resprouter",7,0.714285714285714,"Apr"
"113",2405,"rhil",2022-04-20,4,"sage_obligate_seeder/resprouter",7,0.571428571428571,"Apr"
"114",2459,"hear",2022-04-29,11,"chaparral_only",12,0.916666666666667,"Apr"
"115",2459,"rhov",2022-04-29,12,"chaparral_only",13,0.923076923076923,"Apr"
"116",2459,"ceol",2022-04-29,10,"chaparral_only",13,0.769230769230769,"Apr"
"117",2459,"rhil",2022-04-29,10,"chaparral_only",12,0.833333333333333,"Apr"
"118",2459,"adfa",2022-04-29,5,"chaparral_only",13,0.384615384615385,"Apr"
"119",2459,"mala",2022-04-29,8,"chaparral_only",12,0.666666666666667,"Apr"
"120",2459,"cecu",2022-04-29,4,"chaparral_only",5,0.8,"Apr"
"121",2460,"saap",2022-06-09,9,"sage_facultative_resprouter",10,0.9,"Jun"
"122",2460,"erfa",2022-06-09,5,"sage_facultative_resprouter",7,0.714285714285714,"Jun"
"123",2460,"mala",2022-06-09,4,"sage_facultative_resprouter",8,0.5,"Jun"
"124",2460,"arca",2022-06-09,10,"sage_facultative_resprouter",10,1,"Jun"
"125",2460,"rhov",2022-06-09,8,"sage_facultative_resprouter",9,0.888888888888889,"Jun"
"126",2460,"sale",2022-06-09,10,"sage_facultative_resprouter",10,1,"Jun"
"127",2460,"enca",2022-06-09,9,"sage_facultative_resprouter",10,0.9,"Jun"
"128",2460,"same",2022-06-09,8,"sage_facultative_resprouter",7,1.14285714285714,"Jun"
"129",2460,"adfa",2022-06-09,4,"sage_facultative_resprouter",9,0.444444444444444,"Jun"
"130",2403,"same",2022-06-09,8,"sage_obligate_seeder/resprouter",7,1.14285714285714,"Jun"
"131",2403,"saap",2022-06-09,9,"sage_obligate_seeder/resprouter",10,0.9,"Jun"
"132",2403,"sale",2022-06-09,10,"sage_obligate_seeder/resprouter",10,1,"Jun"
"133",2403,"arca",2022-06-09,11,"sage_obligate_seeder/resprouter",10,1.1,"Jun"
"134",2403,"enca",2022-06-09,8,"sage_obligate_seeder/resprouter",10,0.8,"Jun"
"135",2403,"erfa",2022-06-09,5,"sage_obligate_seeder/resprouter",7,0.714285714285714,"Jun"
"136",2403,"hear",2022-06-09,6,"sage_obligate_seeder/resprouter",7,0.857142857142857,"Jun"
"137",2403,"rhil",2022-06-09,5,"sage_obligate_seeder/resprouter",7,0.714285714285714,"Jun"
"138",2403,"cecu",2022-06-09,6,"sage_obligate_seeder/resprouter",6,1,"Jun"
"139",2403,"ceol",2022-06-09,6,"sage_obligate_seeder/resprouter",7,0.857142857142857,"Jun"
"140",2402,"hear",2022-06-09,7,"chaparral_only",12,0.583333333333333,"Jun"
"141",2402,"rhov",2022-06-09,9,"chaparral_only",13,0.692307692307692,"Jun"
"142",2402,"cecu",2022-06-09,1,"chaparral_only",5,0.2,"Jun"
"143",2402,"rhil",2022-06-09,7,"chaparral_only",12,0.583333333333333,"Jun"
"144",2402,"ceol",2022-06-09,8,"chaparral_only",13,0.615384615384615,"Jun"
"145",2402,"adfa",2022-06-09,1,"chaparral_only",13,0.0769230769230769,"Jun"
"146",2402,"mala",2022-06-09,2,"chaparral_only",12,0.166666666666667,"Jun"
"147",2404,"mala",2022-06-09,5,"sage_facultative_resprouter",8,0.625,"Jun"
"148",2404,"sale",2022-06-09,11,"sage_facultative_resprouter",11,1,"Jun"
"149",2404,"adfa",2022-06-09,6,"sage_facultative_resprouter",9,0.666666666666667,"Jun"
"150",2404,"erfa",2022-06-09,7,"sage_facultative_resprouter",7,1,"Jun"
"151",2404,"arca",2022-06-09,8,"sage_facultative_resprouter",10,0.8,"Jun"
"152",2404,"saap",2022-06-09,8,"sage_facultative_resprouter",10,0.8,"Jun"
"153",2404,"same",2022-06-09,6,"sage_facultative_resprouter",7,0.857142857142857,"Jun"
"154",2404,"rhov",2022-06-09,9,"sage_facultative_resprouter",9,1,"Jun"
"155",2404,"enca",2022-06-09,9,"sage_facultative_resprouter",10,0.9,"Jun"
"156",2461,"enca",2022-06-09,9,"sage_obligate_seeder/resprouter",10,0.9,"Jun"
"157",2461,"arca",2022-06-09,10,"sage_obligate_seeder/resprouter",10,1,"Jun"
"158",2461,"hear",2022-06-09,5,"sage_obligate_seeder/resprouter",7,0.714285714285714,"Jun"
"159",2461,"saap",2022-06-09,9,"sage_obligate_seeder/resprouter",10,0.9,"Jun"
"160",2461,"sale",2022-06-09,9,"sage_obligate_seeder/resprouter",10,0.9,"Jun"
"161",2461,"ceol",2022-06-09,4,"sage_obligate_seeder/resprouter",7,0.571428571428571,"Jun"
"162",2461,"erfa",2022-06-09,4,"sage_obligate_seeder/resprouter",7,0.571428571428571,"Jun"
"163",2461,"same",2022-06-09,6,"sage_obligate_seeder/resprouter",7,0.857142857142857,"Jun"
"164",2461,"cecu",2022-06-09,1,"sage_obligate_seeder/resprouter",5,0.2,"Jun"
"165",2461,"rhil",2022-06-09,5,"sage_obligate_seeder/resprouter",7,0.714285714285714,"Jun"
"166",2458,"mala",2022-06-09,5,"chaparral_only",12,0.416666666666667,"Jun"
"167",2458,"ceol",2022-06-09,9,"chaparral_only",13,0.692307692307692,"Jun"
"168",2458,"rhil",2022-06-09,9,"chaparral_only",12,0.75,"Jun"
"169",2458,"adfa",2022-06-09,4,"chaparral_only",13,0.307692307692308,"Jun"
"170",2458,"cecu",2022-06-09,0,"chaparral_only",5,0,"Jun"
"171",2458,"rhov",2022-06-09,13,"chaparral_only",13,1,"Jun"
"172",2458,"hear",2022-06-09,11,"chaparral_only",12,0.916666666666667,"Jun"
"173",12,"hear",2022-06-09,7,"chaparral_only",12,0.583333333333333,"Jun"
"174",12,"mala",2022-06-09,3,"chaparral_only",12,0.25,"Jun"
"175",12,"adfa",2022-06-09,2,"chaparral_only",13,0.153846153846154,"Jun"
"176",12,"rhov",2022-06-09,12,"chaparral_only",13,0.923076923076923,"Jun"
"177",12,"rhil",2022-06-09,8,"chaparral_only",12,0.666666666666667,"Jun"
"178",12,"ceol",2022-06-09,9,"chaparral_only",13,0.692307692307692,"Jun"
"179",12,"cecu",2022-06-09,3,"chaparral_only",5,0.6,"Jun"
"180",13,"sale",2022-06-09,7,"sage_obligate_seeder/resprouter",10,0.7,"Jun"
"181",13,"arca",2022-06-09,9,"sage_obligate_seeder/resprouter",10,0.9,"Jun"
"182",13,"cecu",2022-06-09,5,"sage_obligate_seeder/resprouter",5,1,"Jun"
"183",13,"enca",2022-06-09,8,"sage_obligate_seeder/resprouter",10,0.8,"Jun"
"184",13,"saap",2022-06-09,9,"sage_obligate_seeder/resprouter",10,0.9,"Jun"
"185",13,"ceol",2022-06-09,7,"sage_obligate_seeder/resprouter",7,1,"Jun"
"186",13,"hear",2022-06-09,6,"sage_obligate_seeder/resprouter",7,0.857142857142857,"Jun"
"187",13,"same",2022-06-09,6,"sage_obligate_seeder/resprouter",7,0.857142857142857,"Jun"
"188",13,"rhil",2022-06-09,4,"sage_obligate_seeder/resprouter",7,0.571428571428571,"Jun"
"189",13,"erfa",2022-06-09,2,"sage_obligate_seeder/resprouter",7,0.285714285714286,"Jun"
"190",2462,"sale",2022-06-09,8,"sage_facultative_resprouter",10,0.8,"Jun"
"191",2462,"saap",2022-06-09,10,"sage_facultative_resprouter",10,1,"Jun"
"192",2462,"arca",2022-06-09,7,"sage_facultative_resprouter",10,0.7,"Jun"
"193",2462,"erfa",2022-06-09,3,"sage_facultative_resprouter",7,0.428571428571429,"Jun"
"194",2462,"same",2022-06-09,7,"sage_facultative_resprouter",7,1,"Jun"
"195",2462,"enca",2022-06-09,7,"sage_facultative_resprouter",10,0.7,"Jun"
"196",2462,"adfa",2022-06-09,2,"sage_facultative_resprouter",9,0.222222222222222,"Jun"
"197",2462,"rhov",2022-06-09,8,"sage_facultative_resprouter",9,0.888888888888889,"Jun"
"198",2462,"mala",2022-06-09,3,"sage_facultative_resprouter",8,0.375,"Jun"
"199",2401,"hear",2022-06-09,1,"sage_obligate_seeder/resprouter",7,0.142857142857143,"Jun"
"200",2401,"saap",2022-06-09,9,"sage_obligate_seeder/resprouter",10,0.9,"Jun"
"201",2401,"rhil",2022-06-09,3,"sage_obligate_seeder/resprouter",7,0.428571428571429,"Jun"
"202",2401,"arca",2022-06-09,6,"sage_obligate_seeder/resprouter",10,0.6,"Jun"
"203",2401,"ceol",2022-06-09,1,"sage_obligate_seeder/resprouter",7,0.142857142857143,"Jun"
"204",2401,"same",2022-06-09,6,"sage_obligate_seeder/resprouter",7,0.857142857142857,"Jun"
"205",2401,"sale",2022-06-09,9,"sage_obligate_seeder/resprouter",10,0.9,"Jun"
"206",2401,"erfa",2022-06-09,2,"sage_obligate_seeder/resprouter",7,0.285714285714286,"Jun"
"207",2401,"cecu",2022-06-09,3,"sage_obligate_seeder/resprouter",5,0.6,"Jun"
"208",2401,"enca",2022-06-09,5,"sage_obligate_seeder/resprouter",10,0.5,"Jun"
"209",11,"mala",2022-06-09,4,"sage_facultative_resprouter",8,0.5,"Jun"
"210",11,"enca",2022-06-09,4,"sage_facultative_resprouter",10,0.4,"Jun"
"211",11,"same",2022-06-09,6,"sage_facultative_resprouter",7,0.857142857142857,"Jun"
"212",11,"arca",2022-06-09,1,"sage_facultative_resprouter",10,0.1,"Jun"
"213",11,"sale",2022-06-09,10,"sage_facultative_resprouter",10,1,"Jun"
"214",11,"adfa",2022-06-09,2,"sage_facultative_resprouter",9,0.222222222222222,"Jun"
"215",11,"erfa",2022-06-09,3,"sage_facultative_resprouter",7,0.428571428571429,"Jun"
"216",11,"rhov",2022-06-09,8,"sage_facultative_resprouter",9,0.888888888888889,"Jun"
"217",11,"saap",2022-06-09,8,"sage_facultative_resprouter",10,0.8,"Jun"
"218",2405,"enca",2022-06-09,9,"sage_obligate_seeder/resprouter",10,0.9,"Jun"
"219",2405,"same",2022-06-09,6,"sage_obligate_seeder/resprouter",7,0.857142857142857,"Jun"
"220",2405,"cecu",2022-06-09,3,"sage_obligate_seeder/resprouter",5,0.6,"Jun"
"221",2405,"sale",2022-06-09,9,"sage_obligate_seeder/resprouter",10,0.9,"Jun"
"222",2405,"saap",2022-06-09,8,"sage_obligate_seeder/resprouter",10,0.8,"Jun"
"223",2405,"erfa",2022-06-09,4,"sage_obligate_seeder/resprouter",7,0.571428571428571,"Jun"
"224",2405,"hear",2022-06-09,4,"sage_obligate_seeder/resprouter",7,0.571428571428571,"Jun"
"225",2405,"ceol",2022-06-09,4,"sage_obligate_seeder/resprouter",7,0.571428571428571,"Jun"
"226",2405,"arca",2022-06-09,1,"sage_obligate_seeder/resprouter",10,0.1,"Jun"
"227",2405,"rhil",2022-06-09,3,"sage_obligate_seeder/resprouter",7,0.428571428571429,"Jun"
"228",14,"adfa",2022-06-09,5,"sage_facultative_resprouter",9,0.555555555555556,"Jun"
"229",14,"arca",2022-06-09,10,"sage_facultative_resprouter",10,1,"Jun"
"230",14,"mala",2022-06-09,5,"sage_facultative_resprouter",8,0.625,"Jun"
"231",14,"saap",2022-06-09,10,"sage_facultative_resprouter",10,1,"Jun"
"232",14,"sale",2022-06-09,10,"sage_facultative_resprouter",10,1,"Jun"
"233",14,"rhov",2022-06-09,9,"sage_facultative_resprouter",9,1,"Jun"
"234",14,"same",2022-06-09,7,"sage_facultative_resprouter",7,1,"Jun"
"235",14,"enca",2022-06-09,9,"sage_facultative_resprouter",10,0.9,"Jun"
"236",14,"erfa",2022-06-09,4,"sage_facultative_resprouter",7,0.571428571428571,"Jun"
"237",15,"mala",2022-06-09,3,"chaparral_only",12,0.25,"Jun"
"238",15,"adfa",2022-06-09,1,"chaparral_only",13,0.0769230769230769,"Jun"
"239",15,"rhov",2022-06-09,11,"chaparral_only",13,0.846153846153846,"Jun"
"240",15,"ceol",2022-06-09,11,"chaparral_only",13,0.846153846153846,"Jun"
"241",15,"hear",2022-06-09,7,"chaparral_only",12,0.583333333333333,"Jun"
"242",15,"cecu",2022-06-09,2,"chaparral_only",5,0.4,"Jun"
"243",15,"rhil",2022-06-09,3,"chaparral_only",12,0.25,"Jun"
"244",2459,"hear",2022-06-09,9,"chaparral_only",12,0.75,"Jun"
"245",2459,"rhov",2022-06-09,12,"chaparral_only",13,0.923076923076923,"Jun"
"246",2459,"ceol",2022-06-09,9,"chaparral_only",13,0.692307692307692,"Jun"
"247",2459,"rhil",2022-06-09,8,"chaparral_only",12,0.666666666666667,"Jun"
"248",2459,"adfa",2022-06-09,5,"chaparral_only",13,0.384615384615385,"Jun"
"249",2459,"mala",2022-06-09,8,"chaparral_only",12,0.666666666666667,"Jun"
"250",2459,"cecu",2022-06-09,2,"chaparral_only",5,0.4,"Jun"
"251",2460,"saap",2022-08-05,9,"sage_facultative_resprouter",10,0.9,"Aug"
"252",2460,"erfa",2022-08-05,5,"sage_facultative_resprouter",7,0.714285714285714,"Aug"
"253",2460,"mala",2022-08-05,4,"sage_facultative_resprouter",8,0.5,"Aug"
"254",2460,"arca",2022-08-05,10,"sage_facultative_resprouter",10,1,"Aug"
"255",2460,"rhov",2022-08-05,8,"sage_facultative_resprouter",9,0.888888888888889,"Aug"
"256",2460,"sale",2022-08-05,10,"sage_facultative_resprouter",10,1,"Aug"
"257",2460,"enca",2022-08-05,9,"sage_facultative_resprouter",10,0.9,"Aug"
"258",2460,"same",2022-08-05,8,"sage_facultative_resprouter",7,1.14285714285714,"Aug"
"259",2460,"adfa",2022-08-05,1,"sage_facultative_resprouter",9,0.111111111111111,"Aug"
"260",2461,"enca",2022-08-05,8,"sage_obligate_seeder/resprouter",10,0.8,"Aug"
"261",2461,"arca",2022-08-05,10,"sage_obligate_seeder/resprouter",10,1,"Aug"
"262",2461,"hear",2022-08-05,4,"sage_obligate_seeder/resprouter",7,0.571428571428571,"Aug"
"263",2461,"saap",2022-08-05,6,"sage_obligate_seeder/resprouter",10,0.6,"Aug"
"264",2461,"sale",2022-08-05,7,"sage_obligate_seeder/resprouter",10,0.7,"Aug"
"265",2461,"ceol",2022-08-05,1,"sage_obligate_seeder/resprouter",7,0.142857142857143,"Aug"
"266",2461,"erfa",2022-08-05,3,"sage_obligate_seeder/resprouter",7,0.428571428571429,"Aug"
"267",2461,"same",2022-08-05,6,"sage_obligate_seeder/resprouter",7,0.857142857142857,"Aug"
"268",2461,"cecu",2022-08-05,0,"sage_obligate_seeder/resprouter",5,0,"Aug"
"269",2461,"rhil",2022-08-05,2,"sage_obligate_seeder/resprouter",7,0.285714285714286,"Aug"
"270",2402,"hear",2022-08-05,3,"chaparral_only",12,0.25,"Aug"
"271",2402,"rhov",2022-08-05,3,"chaparral_only",13,0.230769230769231,"Aug"
"272",2402,"rhil",2022-08-05,0,"chaparral_only",12,0,"Aug"
"273",2402,"ceol",2022-08-05,2,"chaparral_only",13,0.153846153846154,"Aug"
"274",2402,"cecu",2022-08-05,0,"chaparral_only",5,0,"Aug"
"275",2402,"adfa",2022-08-05,1,"chaparral_only",13,0.0769230769230769,"Aug"
"276",2402,"mala",2022-08-05,1,"chaparral_only",12,0.0833333333333333,"Aug"
"277",2458,"mala",2022-08-05,5,"chaparral_only",12,0.416666666666667,"Aug"
"278",2458,"ceol",2022-08-05,7,"chaparral_only",13,0.538461538461538,"Aug"
"279",2458,"rhil",2022-08-05,5,"chaparral_only",12,0.416666666666667,"Aug"
"280",2458,"adfa",2022-08-05,4,"chaparral_only",13,0.307692307692308,"Aug"
"281",2458,"cecu",2022-08-05,0,"chaparral_only",5,0,"Aug"
"282",2458,"rhov",2022-08-05,11,"chaparral_only",13,0.846153846153846,"Aug"
"283",2458,"hear",2022-08-05,9,"chaparral_only",12,0.75,"Aug"
"284",15,"mala",2022-08-05,1,"chaparral_only",12,0.0833333333333333,"Aug"
"285",15,"adfa",2022-08-05,0,"chaparral_only",13,0,"Aug"
"286",15,"rhov",2022-08-05,4,"chaparral_only",13,0.307692307692308,"Aug"
"287",15,"ceol",2022-08-05,3,"chaparral_only",13,0.230769230769231,"Aug"
"288",15,"hear",2022-08-05,2,"chaparral_only",12,0.166666666666667,"Aug"
"289",15,"rhil",2022-08-05,0,"chaparral_only",12,0,"Aug"
"290",14,"adfa",2022-08-05,5,"sage_facultative_resprouter",9,0.555555555555556,"Aug"
"291",14,"arca",2022-08-05,10,"sage_facultative_resprouter",10,1,"Aug"
"292",14,"mala",2022-08-05,4,"sage_facultative_resprouter",8,0.5,"Aug"
"293",14,"saap",2022-08-05,9,"sage_facultative_resprouter",10,0.9,"Aug"
"294",14,"sale",2022-08-05,10,"sage_facultative_resprouter",10,1,"Aug"
"295",14,"rhov",2022-08-05,6,"sage_facultative_resprouter",9,0.666666666666667,"Aug"
"296",14,"same",2022-08-05,7,"sage_facultative_resprouter",7,1,"Aug"
"297",14,"enca",2022-08-05,9,"sage_facultative_resprouter",10,0.9,"Aug"
"298",14,"erfa",2022-08-05,4,"sage_facultative_resprouter",7,0.571428571428571,"Aug"
"299",13,"sale",2022-08-05,7,"sage_obligate_seeder/resprouter",10,0.7,"Aug"
"300",13,"cecu",2022-08-05,5,"sage_obligate_seeder/resprouter",5,1,"Aug"
"301",13,"enca",2022-08-05,7,"sage_obligate_seeder/resprouter",10,0.7,"Aug"
"302",13,"saap",2022-08-05,9,"sage_obligate_seeder/resprouter",10,0.9,"Aug"
"303",13,"ceol",2022-08-05,2,"sage_obligate_seeder/resprouter",7,0.285714285714286,"Aug"
"304",13,"hear",2022-08-05,4,"sage_obligate_seeder/resprouter",7,0.571428571428571,"Aug"
"305",13,"arca",2022-08-05,8,"sage_obligate_seeder/resprouter",10,0.8,"Aug"
"306",13,"same",2022-08-05,6,"sage_obligate_seeder/resprouter",7,0.857142857142857,"Aug"
"307",13,"rhil",2022-08-05,1,"sage_obligate_seeder/resprouter",7,0.142857142857143,"Aug"
"308",13,"erfa",2022-08-05,2,"sage_obligate_seeder/resprouter",7,0.285714285714286,"Aug"
"309",12,"adfa",2022-08-05,1,"chaparral_only",13,0.0769230769230769,"Aug"
"310",12,"rhov",2022-08-05,11,"chaparral_only",13,0.846153846153846,"Aug"
"311",12,"ceol",2022-08-05,7,"chaparral_only",13,0.538461538461538,"Aug"
"312",12,"rhil",2022-08-05,3,"chaparral_only",12,0.25,"Aug"
"313",12,"mala",2022-08-05,3,"chaparral_only",12,0.25,"Aug"
"314",12,"hear",2022-08-05,7,"chaparral_only",12,0.583333333333333,"Aug"
"315",12,"cecu",2022-08-05,3,"chaparral_only",5,0.6,"Aug"
"316",2459,"hear",2022-08-05,7,"chaparral_only",12,0.583333333333333,"Aug"
"317",2459,"rhov",2022-08-05,12,"chaparral_only",13,0.923076923076923,"Aug"
"318",2459,"ceol",2022-08-05,6,"chaparral_only",13,0.461538461538462,"Aug"
"319",2459,"rhil",2022-08-05,4,"chaparral_only",12,0.333333333333333,"Aug"
"320",2459,"adfa",2022-08-05,4,"chaparral_only",13,0.307692307692308,"Aug"
"321",2459,"mala",2022-08-05,8,"chaparral_only",12,0.666666666666667,"Aug"
"322",2459,"cecu",2022-08-05,1,"chaparral_only",5,0.2,"Aug"
"323",2405,"enca",2022-08-05,4,"sage_obligate_seeder/resprouter",10,0.4,"Aug"
"324",2405,"same",2022-08-05,6,"sage_obligate_seeder/resprouter",7,0.857142857142857,"Aug"
"325",2405,"cecu",2022-08-05,2,"sage_obligate_seeder/resprouter",5,0.4,"Aug"
"326",2405,"sale",2022-08-05,8,"sage_obligate_seeder/resprouter",10,0.8,"Aug"
"327",2405,"saap",2022-08-05,8,"sage_obligate_seeder/resprouter",10,0.8,"Aug"
"328",2405,"erfa",2022-08-05,4,"sage_obligate_seeder/resprouter",7,0.571428571428571,"Aug"
"329",2405,"hear",2022-08-05,2,"sage_obligate_seeder/resprouter",7,0.285714285714286,"Aug"
"330",2405,"ceol",2022-08-05,2,"sage_obligate_seeder/resprouter",7,0.285714285714286,"Aug"
"331",2405,"arca",2022-08-05,1,"sage_obligate_seeder/resprouter",10,0.1,"Aug"
"332",2405,"rhil",2022-08-05,0,"sage_obligate_seeder/resprouter",7,0,"Aug"
"333",11,"enca",2022-08-05,2,"sage_facultative_resprouter",10,0.2,"Aug"
"334",11,"same",2022-08-05,3,"sage_facultative_resprouter",7,0.428571428571429,"Aug"
"335",11,"rhov",2022-08-05,3,"sage_facultative_resprouter",9,0.333333333333333,"Aug"
"336",11,"mala",2022-08-05,1,"sage_facultative_resprouter",8,0.125,"Aug"
"337",11,"sale",2022-08-05,8,"sage_facultative_resprouter",10,0.8,"Aug"
"338",11,"erfa",2022-08-05,3,"sage_facultative_resprouter",7,0.428571428571429,"Aug"
"339",11,"adfa",2022-08-05,2,"sage_facultative_resprouter",9,0.222222222222222,"Aug"
"340",11,"arca",2022-08-05,0,"sage_facultative_resprouter",10,0,"Aug"
"341",11,"saap",2022-08-05,7,"sage_facultative_resprouter",10,0.7,"Aug"
"342",2401,"hear",2022-08-05,1,"sage_obligate_seeder/resprouter",7,0.142857142857143,"Aug"
"343",2401,"saap",2022-08-05,8,"sage_obligate_seeder/resprouter",10,0.8,"Aug"
"344",2401,"rhil",2022-08-05,0,"sage_obligate_seeder/resprouter",7,0,"Aug"
"345",2401,"arca",2022-08-05,5,"sage_obligate_seeder/resprouter",10,0.5,"Aug"
"346",2401,"same",2022-08-05,2,"sage_obligate_seeder/resprouter",7,0.285714285714286,"Aug"
"347",2401,"ceol",2022-08-05,1,"sage_obligate_seeder/resprouter",7,0.142857142857143,"Aug"
"348",2401,"sale",2022-08-05,9,"sage_obligate_seeder/resprouter",10,0.9,"Aug"
"349",2401,"erfa",2022-08-05,2,"sage_obligate_seeder/resprouter",7,0.285714285714286,"Aug"
"350",2401,"enca",2022-08-05,3,"sage_obligate_seeder/resprouter",10,0.3,"Aug"
"351",2401,"cecu",2022-08-05,0,"sage_obligate_seeder/resprouter",5,0,"Aug"
"352",2462,"mala",2022-08-05,1,"sage_facultative_resprouter",8,0.125,"Aug"
"353",2462,"same",2022-08-05,6,"sage_facultative_resprouter",7,0.857142857142857,"Aug"
"354",2462,"arca",2022-08-05,5,"sage_facultative_resprouter",10,0.5,"Aug"
"355",2462,"rhov",2022-08-05,6,"sage_facultative_resprouter",9,0.666666666666667,"Aug"
"356",2462,"saap",2022-08-05,9,"sage_facultative_resprouter",10,0.9,"Aug"
"357",2462,"sale",2022-08-05,5,"sage_facultative_resprouter",10,0.5,"Aug"
"358",2462,"erfa",2022-08-05,3,"sage_facultative_resprouter",7,0.428571428571429,"Aug"
"359",2462,"enca",2022-08-05,2,"sage_facultative_resprouter",10,0.2,"Aug"
"360",2462,"adfa",2022-08-05,1,"sage_facultative_resprouter",9,0.111111111111111,"Aug"
"361",2403,"hear",2022-08-05,6,"sage_obligate_seeder/resprouter",7,0.857142857142857,"Aug"
"362",2403,"arca",2022-08-05,11,"sage_obligate_seeder/resprouter",10,1.1,"Aug"
"363",2403,"saap",2022-08-05,9,"sage_obligate_seeder/resprouter",10,0.9,"Aug"
"364",2403,"erfa",2022-08-05,7,"sage_obligate_seeder/resprouter",7,1,"Aug"
"365",2403,"sale",2022-08-05,10,"sage_obligate_seeder/resprouter",10,1,"Aug"
"366",2403,"cecu",2022-08-05,2,"sage_obligate_seeder/resprouter",5,0.4,"Aug"
"367",2403,"ceol",2022-08-05,4,"sage_obligate_seeder/resprouter",7,0.571428571428571,"Aug"
"368",2403,"same",2022-08-05,8,"sage_obligate_seeder/resprouter",7,1.14285714285714,"Aug"
"369",2403,"enca",2022-08-05,8,"sage_obligate_seeder/resprouter",10,0.8,"Aug"
"370",2403,"rhil",2022-08-05,2,"sage_obligate_seeder/resprouter",7,0.285714285714286,"Aug"
"371",2404,"mala",2022-08-05,4,"sage_facultative_resprouter",8,0.5,"Aug"
"372",2404,"sale",2022-08-05,8,"sage_facultative_resprouter",10,0.8,"Aug"
"373",2404,"same",2022-08-05,6,"sage_facultative_resprouter",7,0.857142857142857,"Aug"
"374",2404,"arca",2022-08-05,8,"sage_facultative_resprouter",10,0.8,"Aug"
"375",2404,"saap",2022-08-05,7,"sage_facultative_resprouter",10,0.7,"Aug"
"376",2404,"erfa",2022-08-05,7,"sage_facultative_resprouter",7,1,"Aug"
"377",2404,"rhov",2022-08-05,6,"sage_facultative_resprouter",9,0.666666666666667,"Aug"
"378",2404,"enca",2022-08-05,6,"sage_facultative_resprouter",10,0.6,"Aug"
"379",2404,"adfa",2022-08-05,6,"sage_facultative_resprouter",9,0.666666666666667,"Aug"
"380",15,"cecu",2022-08-05,0,"chaparral_only",5,0,"Aug"
"381",2460,"saap",2022-09-08,9,"sage_facultative_resprouter",10,0.9,"Sep"
"382",2460,"erfa",2022-09-08,5,"sage_facultative_resprouter",7,0.714285714285714,"Sep"
"383",2460,"mala",2022-09-08,4,"sage_facultative_resprouter",8,0.5,"Sep"
"384",2460,"arca",2022-09-08,10,"sage_facultative_resprouter",10,1,"Sep"
"385",2460,"rhov",2022-09-08,5,"sage_facultative_resprouter",9,0.555555555555556,"Sep"
"386",2460,"sale",2022-09-08,8,"sage_facultative_resprouter",10,0.8,"Sep"
"387",2460,"enca",2022-09-08,8,"sage_facultative_resprouter",10,0.8,"Sep"
"388",2460,"same",2022-09-08,8,"sage_facultative_resprouter",8,1,"Sep"
"389",2460,"adfa",2022-09-08,1,"sage_facultative_resprouter",9,0.111111111111111,"Sep"
"390",2403,"saap",2022-09-08,9,"sage_obligate_seeder/resprouter",10,0.9,"Sep"
"391",2403,"arca",2022-09-08,11,"sage_obligate_seeder/resprouter",11,1,"Sep"
"392",2403,"hear",2022-09-08,5,"sage_obligate_seeder/resprouter",7,0.714285714285714,"Sep"
"393",2403,"sale",2022-09-08,8,"sage_obligate_seeder/resprouter",10,0.8,"Sep"
"394",2403,"same",2022-09-08,8,"sage_obligate_seeder/resprouter",8,1,"Sep"
"395",2403,"enca",2022-09-08,8,"sage_obligate_seeder/resprouter",10,0.8,"Sep"
"396",2403,"ceol",2022-09-08,1,"sage_obligate_seeder/resprouter",7,0.142857142857143,"Sep"
"397",2403,"erfa",2022-09-08,5,"sage_obligate_seeder/resprouter",7,0.714285714285714,"Sep"
"398",2403,"cecu",2022-09-08,2,"sage_obligate_seeder/resprouter",5,0.4,"Sep"
"399",2403,"rhil",2022-09-08,0,"sage_obligate_seeder/resprouter",7,0,"Sep"
"400",2402,"hear",2022-09-08,0,"chaparral_only",12,0,"Sep"
"401",2402,"rhov",2022-09-08,2,"chaparral_only",13,0.153846153846154,"Sep"
"402",2402,"rhil",2022-09-08,0,"chaparral_only",12,0,"Sep"
"403",2402,"ceol",2022-09-08,0,"chaparral_only",13,0,"Sep"
"404",2402,"cecu",2022-09-08,0,"chaparral_only",5,0,"Sep"
"405",2402,"adfa",2022-09-08,0,"chaparral_only",13,0,"Sep"
"406",2402,"mala",2022-09-08,0,"chaparral_only",12,0,"Sep"
"407",11,"mala",2022-09-08,1,"sage_facultative_resprouter",8,0.125,"Sep"
"408",11,"enca",2022-09-08,0,"sage_facultative_resprouter",10,0,"Sep"
"409",11,"same",2022-09-08,3,"sage_facultative_resprouter",7,0.428571428571429,"Sep"
"410",11,"sale",2022-09-08,8,"sage_facultative_resprouter",10,0.8,"Sep"
"411",11,"arca",2022-09-08,0,"sage_facultative_resprouter",10,0,"Sep"
"412",11,"adfa",2022-09-08,2,"sage_facultative_resprouter",9,0.222222222222222,"Sep"
"413",11,"erfa",2022-09-08,3,"sage_facultative_resprouter",7,0.428571428571429,"Sep"
"414",11,"saap",2022-09-08,4,"sage_facultative_resprouter",10,0.4,"Sep"
"415",11,"rhov",2022-09-08,2,"sage_facultative_resprouter",9,0.222222222222222,"Sep"
"416",2405,"same",2022-09-08,5,"sage_obligate_seeder/resprouter",7,0.714285714285714,"Sep"
"417",2405,"saap",2022-09-08,6,"sage_obligate_seeder/resprouter",10,0.6,"Sep"
"418",2405,"arca",2022-09-08,1,"sage_obligate_seeder/resprouter",10,0.1,"Sep"
"419",2405,"erfa",2022-09-08,4,"sage_obligate_seeder/resprouter",7,0.571428571428571,"Sep"
"420",2405,"hear",2022-09-08,2,"sage_obligate_seeder/resprouter",7,0.285714285714286,"Sep"
"421",2405,"sale",2022-09-08,5,"sage_obligate_seeder/resprouter",10,0.5,"Sep"
"422",2405,"ceol",2022-09-08,1,"sage_obligate_seeder/resprouter",7,0.142857142857143,"Sep"
"423",2405,"enca",2022-09-08,4,"sage_obligate_seeder/resprouter",10,0.4,"Sep"
"424",2405,"cecu",2022-09-08,1,"sage_obligate_seeder/resprouter",5,0.2,"Sep"
"425",2405,"rhil",2022-09-08,0,"sage_obligate_seeder/resprouter",7,0,"Sep"
"426",2459,"hear",2022-09-08,5,"chaparral_only",12,0.416666666666667,"Sep"
"427",2459,"rhov",2022-09-08,12,"chaparral_only",13,0.923076923076923,"Sep"
"428",2459,"ceol",2022-09-08,5,"chaparral_only",13,0.384615384615385,"Sep"
"429",2459,"rhil",2022-09-08,1,"chaparral_only",12,0.0833333333333333,"Sep"
"430",2459,"adfa",2022-09-08,4,"chaparral_only",13,0.307692307692308,"Sep"
"431",2459,"mala",2022-09-08,6,"chaparral_only",12,0.5,"Sep"
"432",2459,"cecu",2022-09-08,0,"chaparral_only",5,0,"Sep"
"433",2462,"rhov",2022-09-08,3,"sage_facultative_resprouter",9,0.333333333333333,"Sep"
"434",2462,"saap",2022-09-08,5,"sage_facultative_resprouter",10,0.5,"Sep"
"435",2462,"arca",2022-09-08,4,"sage_facultative_resprouter",10,0.4,"Sep"
"436",2462,"same",2022-09-08,6,"sage_facultative_resprouter",7,0.857142857142857,"Sep"
"437",2462,"mala",2022-09-08,1,"sage_facultative_resprouter",8,0.125,"Sep"
"438",2462,"enca",2022-09-08,1,"sage_facultative_resprouter",10,0.1,"Sep"
"439",2462,"adfa",2022-09-08,1,"sage_facultative_resprouter",9,0.111111111111111,"Sep"
"440",2462,"sale",2022-09-08,3,"sage_facultative_resprouter",10,0.3,"Sep"
"441",2462,"erfa",2022-09-08,3,"sage_facultative_resprouter",7,0.428571428571429,"Sep"
"442",12,"hear",2022-09-08,4,"chaparral_only",12,0.333333333333333,"Sep"
"443",12,"adfa",2022-09-08,1,"chaparral_only",13,0.0769230769230769,"Sep"
"444",12,"rhil",2022-09-08,2,"chaparral_only",12,0.166666666666667,"Sep"
"445",12,"rhov",2022-09-08,9,"chaparral_only",13,0.692307692307692,"Sep"
"446",12,"ceol",2022-09-08,5,"chaparral_only",13,0.384615384615385,"Sep"
"447",12,"mala",2022-09-08,3,"chaparral_only",12,0.25,"Sep"
"448",12,"cecu",2022-09-08,3,"chaparral_only",5,0.6,"Sep"
"449",13,"sale",2022-09-08,5,"sage_obligate_seeder/resprouter",10,0.5,"Sep"
"450",13,"arca",2022-09-08,8,"sage_obligate_seeder/resprouter",10,0.8,"Sep"
"451",13,"cecu",2022-09-08,5,"sage_obligate_seeder/resprouter",5,1,"Sep"
"452",13,"enca",2022-09-08,3,"sage_obligate_seeder/resprouter",10,0.3,"Sep"
"453",13,"saap",2022-09-08,5,"sage_obligate_seeder/resprouter",10,0.5,"Sep"
"454",13,"ceol",2022-09-08,0,"sage_obligate_seeder/resprouter",7,0,"Sep"
"455",13,"hear",2022-09-08,0,"sage_obligate_seeder/resprouter",7,0,"Sep"
"456",13,"same",2022-09-08,4,"sage_obligate_seeder/resprouter",7,0.571428571428571,"Sep"
"457",13,"rhil",2022-09-08,0,"sage_obligate_seeder/resprouter",7,0,"Sep"
"458",13,"erfa",2022-09-08,2,"sage_obligate_seeder/resprouter",7,0.285714285714286,"Sep"
"459",15,"mala",2022-09-08,0,"chaparral_only",12,0,"Sep"
"460",15,"adfa",2022-09-08,0,"chaparral_only",13,0,"Sep"
"461",15,"rhov",2022-09-08,2,"chaparral_only",13,0.153846153846154,"Sep"
"462",15,"ceol",2022-09-08,0,"chaparral_only",13,0,"Sep"
"463",15,"hear",2022-09-08,0,"chaparral_only",12,0,"Sep"
"464",15,"cecu",2022-09-08,0,"chaparral_only",5,0,"Sep"
"465",15,"rhil",2022-09-08,0,"chaparral_only",12,0,"Sep"
"466",14,"adfa",2022-09-08,3,"sage_facultative_resprouter",9,0.333333333333333,"Sep"
"467",14,"arca",2022-09-08,10,"sage_facultative_resprouter",10,1,"Sep"
"468",14,"mala",2022-09-08,2,"sage_facultative_resprouter",8,0.25,"Sep"
"469",14,"saap",2022-09-08,8,"sage_facultative_resprouter",10,0.8,"Sep"
"470",14,"sale",2022-09-08,9,"sage_facultative_resprouter",10,0.9,"Sep"
"471",14,"rhov",2022-09-08,3,"sage_facultative_resprouter",9,0.333333333333333,"Sep"
"472",14,"same",2022-09-08,7,"sage_facultative_resprouter",7,1,"Sep"
"473",14,"erfa",2022-09-08,4,"sage_facultative_resprouter",7,0.571428571428571,"Sep"
"474",14,"enca",2022-09-08,4,"sage_facultative_resprouter",10,0.4,"Sep"
"475",2461,"enca",2022-09-08,8,"sage_obligate_seeder/resprouter",10,0.8,"Sep"
"476",2461,"arca",2022-09-08,10,"sage_obligate_seeder/resprouter",10,1,"Sep"
"477",2461,"sale",2022-09-08,7,"sage_obligate_seeder/resprouter",10,0.7,"Sep"
"478",2461,"ceol",2022-09-08,1,"sage_obligate_seeder/resprouter",7,0.142857142857143,"Sep"
"479",2461,"saap",2022-09-08,6,"sage_obligate_seeder/resprouter",10,0.6,"Sep"
"480",2461,"hear",2022-09-08,1,"sage_obligate_seeder/resprouter",7,0.142857142857143,"Sep"
"481",2461,"same",2022-09-08,5,"sage_obligate_seeder/resprouter",7,0.714285714285714,"Sep"
"482",2461,"cecu",2022-09-08,0,"sage_obligate_seeder/resprouter",5,0,"Sep"
"483",2461,"rhil",2022-09-08,1,"sage_obligate_seeder/resprouter",7,0.142857142857143,"Sep"
"484",2461,"erfa",2022-09-08,3,"sage_obligate_seeder/resprouter",7,0.428571428571429,"Sep"
"485",2404,"mala",2022-09-08,2,"sage_facultative_resprouter",8,0.25,"Sep"
"486",2404,"sale",2022-09-08,5,"sage_facultative_resprouter",10,0.5,"Sep"
"487",2404,"adfa",2022-09-08,6,"sage_facultative_resprouter",9,0.666666666666667,"Sep"
"488",2404,"same",2022-09-08,6,"sage_facultative_resprouter",7,0.857142857142857,"Sep"
"489",2404,"arca",2022-09-08,8,"sage_facultative_resprouter",10,0.8,"Sep"
"490",2404,"saap",2022-09-08,7,"sage_facultative_resprouter",10,0.7,"Sep"
"491",2404,"erfa",2022-09-08,7,"sage_facultative_resprouter",7,1,"Sep"
"492",2404,"rhov",2022-09-08,6,"sage_facultative_resprouter",9,0.666666666666667,"Sep"
"493",2404,"enca",2022-09-08,6,"sage_facultative_resprouter",10,0.6,"Sep"
"494",2401,"hear",2022-09-08,1,"sage_obligate_seeder/resprouter",7,0.142857142857143,"Sep"
"495",2401,"saap",2022-09-08,7,"sage_obligate_seeder/resprouter",10,0.7,"Sep"
"496",2401,"rhil",2022-09-08,0,"sage_obligate_seeder/resprouter",7,0,"Sep"
"497",2401,"arca",2022-09-08,4,"sage_obligate_seeder/resprouter",10,0.4,"Sep"
"498",2401,"erfa",2022-09-08,2,"sage_obligate_seeder/resprouter",7,0.285714285714286,"Sep"
"499",2401,"cecu",2022-09-08,0,"sage_obligate_seeder/resprouter",5,0,"Sep"
"500",2401,"enca",2022-09-08,2,"sage_obligate_seeder/resprouter",10,0.2,"Sep"
"501",2401,"sale",2022-09-08,3,"sage_obligate_seeder/resprouter",10,0.3,"Sep"
"502",2401,"same",2022-09-08,2,"sage_obligate_seeder/resprouter",7,0.285714285714286,"Sep"
"503",2401,"ceol",2022-09-08,0,"sage_obligate_seeder/resprouter",7,0,"Sep"
"504",2458,"mala",2022-09-08,5,"chaparral_only",12,0.416666666666667,"Sep"
"505",2458,"ceol",2022-09-08,5,"chaparral_only",13,0.384615384615385,"Sep"
"506",2458,"rhil",2022-09-08,4,"chaparral_only",12,0.333333333333333,"Sep"
"507",2458,"cecu",2022-09-08,0,"chaparral_only",5,0,"Sep"
"508",2458,"adfa",2022-09-08,2,"chaparral_only",13,0.153846153846154,"Sep"
"509",2458,"rhov",2022-09-08,9,"chaparral_only",13,0.692307692307692,"Sep"
"510",2458,"hear",2022-09-08,7,"chaparral_only",12,0.583333333333333,"Sep"
"511",2460,"saap",2022-11-21,7,"sage_facultative_resprouter",10,0.7,"Nov"
"512",2460,"erfa",2022-11-21,3,"sage_facultative_resprouter",7,0.428571428571429,"Nov"
"513",2460,"arca",2022-11-21,7,"sage_facultative_resprouter",10,0.7,"Nov"
"514",2460,"sale",2022-11-21,8,"sage_facultative_resprouter",10,0.8,"Nov"
"515",2460,"enca",2022-11-21,8,"sage_facultative_resprouter",10,0.8,"Nov"
"516",2460,"same",2022-11-21,5,"sage_facultative_resprouter",7,0.714285714285714,"Nov"
"517",2460,"mala",2022-11-21,1,"sage_facultative_resprouter",8,0.125,"Nov"
"518",2460,"rhov",2022-11-21,1,"sage_facultative_resprouter",9,0.111111111111111,"Nov"
"519",2403,"enca",2022-11-21,8,"sage_obligate_seeder/resprouter",10,0.8,"Nov"
"520",2403,"sale",2022-11-21,8,"sage_obligate_seeder/resprouter",10,0.8,"Nov"
"521",2403,"arca",2022-11-21,6,"sage_obligate_seeder/resprouter",10,0.6,"Nov"
"522",2403,"saap",2022-11-21,6,"sage_obligate_seeder/resprouter",10,0.6,"Nov"
"523",2403,"cecu",2022-11-21,1,"sage_obligate_seeder/resprouter",5,0.2,"Nov"
"524",2403,"same",2022-11-21,2,"sage_obligate_seeder/resprouter",7,0.285714285714286,"Nov"
"525",2403,"erfa",2022-11-21,1,"sage_obligate_seeder/resprouter",7,0.142857142857143,"Nov"
"526",2458,"mala",2022-11-21,2,"chaparral_only",12,0.166666666666667,"Nov"
"527",2458,"adfa",2022-11-21,2,"chaparral_only",13,0.153846153846154,"Nov"
"528",2458,"rhov",2022-11-21,5,"chaparral_only",13,0.384615384615385,"Nov"
"529",2462,"saap",2022-11-21,1,"sage_facultative_resprouter",10,0.1,"Nov"
"530",2462,"same",2022-11-21,1,"sage_facultative_resprouter",7,0.142857142857143,"Nov"
"531",2462,"adfa",2022-11-21,1,"sage_facultative_resprouter",9,0.111111111111111,"Nov"
"532",2459,"ceol",2022-11-21,1,"chaparral_only",13,0.0769230769230769,"Nov"
"533",2459,"rhov",2022-11-21,5,"chaparral_only",13,0.384615384615385,"Nov"
"534",2459,"mala",2022-11-21,6,"chaparral_only",12,0.5,"Nov"
"535",2459,"hear",2022-11-21,1,"chaparral_only",12,0.0833333333333333,"Nov"
"536",2405,"sale",2022-11-21,4,"sage_obligate_seeder/resprouter",10,0.4,"Nov"
"537",2405,"enca",2022-11-21,4,"sage_obligate_seeder/resprouter",10,0.4,"Nov"
"538",2405,"saap",2022-11-21,4,"sage_obligate_seeder/resprouter",10,0.4,"Nov"
"539",2405,"same",2022-11-21,3,"sage_obligate_seeder/resprouter",7,0.428571428571429,"Nov"
"540",2405,"cecu",2022-11-21,1,"sage_obligate_seeder/resprouter",5,0.2,"Nov"
"541",2405,"erfa",2022-11-21,1,"sage_obligate_seeder/resprouter",7,0.142857142857143,"Nov"
"542",2461,"arca",2022-11-21,9,"sage_obligate_seeder/resprouter",10,0.9,"Nov"
"543",2461,"saap",2022-11-21,6,"sage_obligate_seeder/resprouter",10,0.6,"Nov"
"544",2461,"sale",2022-11-21,5,"sage_obligate_seeder/resprouter",10,0.5,"Nov"
"545",2461,"enca",2022-11-21,6,"sage_obligate_seeder/resprouter",10,0.6,"Nov"
"546",2461,"same",2022-11-21,4,"sage_obligate_seeder/resprouter",7,0.571428571428571,"Nov"
"547",2401,"saap",2022-11-21,7,"sage_obligate_seeder/resprouter",10,0.7,"Nov"
"548",2401,"arca",2022-11-21,3,"sage_obligate_seeder/resprouter",10,0.3,"Nov"
"549",2401,"enca",2022-11-21,2,"sage_obligate_seeder/resprouter",10,0.2,"Nov"
"550",2401,"sale",2022-11-21,2,"sage_obligate_seeder/resprouter",10,0.2,"Nov"
"551",2401,"same",2022-11-21,1,"sage_obligate_seeder/resprouter",7,0.142857142857143,"Nov"
"552",2404,"mala",2022-11-21,2,"sage_facultative_resprouter",8,0.25,"Nov"
"553",2404,"sale",2022-11-21,4,"sage_facultative_resprouter",10,0.4,"Nov"
"554",2404,"same",2022-11-21,6,"sage_facultative_resprouter",7,0.857142857142857,"Nov"
"555",2404,"arca",2022-11-21,6,"sage_facultative_resprouter",10,0.6,"Nov"
"556",2404,"saap",2022-11-21,7,"sage_facultative_resprouter",10,0.7,"Nov"
"557",2404,"adfa",2022-11-21,6,"sage_facultative_resprouter",9,0.666666666666667,"Nov"
"558",2404,"rhov",2022-11-21,2,"sage_facultative_resprouter",9,0.222222222222222,"Nov"
"559",2404,"enca",2022-11-21,6,"sage_facultative_resprouter",10,0.6,"Nov"
"560",2404,"erfa",2022-11-21,4,"sage_facultative_resprouter",7,0.571428571428571,"Nov"
"561",2401,"erfa",2022-11-21,0,"sage_obligate_seeder/resprouter",7,0,"Nov"
"562",2401,"ceol",2022-11-21,0,"sage_obligate_seeder/resprouter",7,0,"Nov"
"563",2401,"cecu",2022-11-21,0,"sage_obligate_seeder/resprouter",5,0,"Nov"
"564",2401,"hear",2022-11-21,0,"sage_obligate_seeder/resprouter",7,0,"Nov"
"565",2401,"rhil",2022-11-21,0,"sage_obligate_seeder/resprouter",7,0,"Nov"
"566",2402,"adfa",2022-11-21,0,"chaparral_only",13,0,"Nov"
"567",2402,"hear",2022-11-21,0,"chaparral_only",12,0,"Nov"
"568",2402,"rhov",2022-11-21,0,"chaparral_only",13,0,"Nov"
"569",2402,"ceol",2022-11-21,0,"chaparral_only",13,0,"Nov"
"570",2402,"cecu",2022-11-21,0,"chaparral_only",5,0,"Nov"
"571",2402,"rhil",2022-11-21,0,"chaparral_only",12,0,"Nov"
"572",2402,"mala",2022-11-21,0,"chaparral_only",12,0,"Nov"
"573",2403,"ceol",2022-11-21,0,"sage_obligate_seeder/resprouter",7,0,"Nov"
"574",2403,"hear",2022-11-21,0,"sage_obligate_seeder/resprouter",7,0,"Nov"
"575",2403,"rhil",2022-11-21,0,"sage_obligate_seeder/resprouter",7,0,"Nov"
"576",2405,"arca",2022-11-21,0,"sage_obligate_seeder/resprouter",10,0,"Nov"
"577",2405,"ceol",2022-11-21,0,"sage_obligate_seeder/resprouter",7,0,"Nov"
"578",2405,"hear",2022-11-21,0,"sage_obligate_seeder/resprouter",7,0,"Nov"
"579",2405,"rhil",2022-11-21,0,"sage_obligate_seeder/resprouter",7,0,"Nov"
"580",2458,"hear",2022-11-21,0,"chaparral_only",12,0,"Nov"
"581",2458,"ceol",2022-11-21,0,"chaparral_only",13,0,"Nov"
"582",2458,"cecu",2022-11-21,0,"chaparral_only",5,0,"Nov"
"583",2458,"rhil",2022-11-21,0,"chaparral_only",12,0,"Nov"
"584",2459,"adfa",2022-11-21,0,"chaparral_only",13,0,"Nov"
"585",2459,"cecu",2022-11-21,0,"chaparral_only",5,0,"Nov"
"586",2459,"rhil",2022-11-21,0,"chaparral_only",12,0,"Nov"
"587",2460,"adfa",2022-11-21,0,"sage_facultative_resprouter",9,0,"Nov"
"588",2461,"erfa",2022-11-21,0,"sage_obligate_seeder/resprouter",7,0,"Nov"
"589",2461,"ceol",2022-11-21,0,"sage_obligate_seeder/resprouter",7,0,"Nov"
"590",2461,"cecu",2022-11-21,0,"sage_obligate_seeder/resprouter",5,0,"Nov"
"591",2461,"hear",2022-11-21,0,"sage_obligate_seeder/resprouter",7,0,"Nov"
"592",2461,"rhil",2022-11-21,0,"sage_obligate_seeder/resprouter",7,0,"Nov"
"593",2462,"sale",2022-11-21,0,"sage_facultative_resprouter",10,0,"Nov"
"594",2462,"arca",2022-11-21,0,"sage_facultative_resprouter",10,0,"Nov"
"595",2462,"erfa",2022-11-21,0,"sage_facultative_resprouter",7,0,"Nov"
"596",2462,"enca",2022-11-21,0,"sage_facultative_resprouter",10,0,"Nov"
"597",2462,"rhov",2022-11-21,0,"sage_facultative_resprouter",9,0,"Nov"
"598",2462,"mala",2022-11-21,0,"sage_facultative_resprouter",8,0,"Nov"
"599",14,"arca",2022-10-19,6,"sage_facultative_resprouter",10,0.6,"Oct"
"600",14,"enca",2022-10-19,3,"sage_facultative_resprouter",10,0.3,"Oct"
"601",14,"saap",2022-10-19,6,"sage_facultative_resprouter",10,0.6,"Oct"
"602",14,"adfa",2022-10-19,1,"sage_facultative_resprouter",9,0.111111111111111,"Oct"
"603",14,"sale",2022-10-19,4,"sage_facultative_resprouter",10,0.4,"Oct"
"604",14,"rhov",2022-10-19,2,"sage_facultative_resprouter",9,0.222222222222222,"Oct"
"605",14,"mala",2022-10-19,1,"sage_facultative_resprouter",8,0.125,"Oct"
"606",14,"erfa",2022-10-19,1,"sage_facultative_resprouter",7,0.142857142857143,"Oct"
"607",14,"same",2022-10-19,2,"sage_facultative_resprouter",7,0.285714285714286,"Oct"
"608",15,"rhov",2022-10-19,1,"chaparral_only",13,0.0769230769230769,"Oct"
"609",13,"sale",2022-10-19,2,"sage_obligate_seeder/resprouter",10,0.2,"Oct"
"610",13,"arca",2022-10-19,2,"sage_obligate_seeder/resprouter",10,0.2,"Oct"
"611",13,"cecu",2022-10-19,3,"sage_obligate_seeder/resprouter",5,0.6,"Oct"
"612",13,"saap",2022-10-19,1,"sage_obligate_seeder/resprouter",10,0.1,"Oct"
"613",13,"same",2022-10-19,1,"sage_obligate_seeder/resprouter",7,0.142857142857143,"Oct"
"614",11,"erfa",2022-10-19,3,"sage_facultative_resprouter",7,0.428571428571429,"Oct"
"615",11,"saap",2022-10-19,3,"sage_facultative_resprouter",10,0.3,"Oct"
"616",11,"same",2022-10-19,2,"sage_facultative_resprouter",7,0.285714285714286,"Oct"
"617",11,"sale",2022-10-19,1,"sage_facultative_resprouter",10,0.1,"Oct"
"618",12,"rhov",2022-10-19,6,"chaparral_only",13,0.461538461538462,"Oct"
"619",12,"ceol",2022-10-19,3,"chaparral_only",13,0.230769230769231,"Oct"
"620",12,"rhil",2022-10-19,2,"chaparral_only",12,0.166666666666667,"Oct"
"621",12,"hear",2022-10-19,2,"chaparral_only",12,0.166666666666667,"Oct"
"622",12,"cecu",2022-10-19,2,"chaparral_only",5,0.4,"Oct"
"623",12,"adfa",2022-10-19,1,"chaparral_only",13,0.0769230769230769,"Oct"
"624",2404,"mala",2022-10-19,2,"sage_facultative_resprouter",8,0.25,"Oct"
"625",2404,"sale",2022-10-19,5,"sage_facultative_resprouter",10,0.5,"Oct"
"626",2404,"same",2022-10-19,6,"sage_facultative_resprouter",7,0.857142857142857,"Oct"
"627",2404,"arca",2022-10-19,6,"sage_facultative_resprouter",10,0.6,"Oct"
"628",2404,"saap",2022-10-19,7,"sage_facultative_resprouter",10,0.7,"Oct"
"629",2404,"erfa",2022-10-19,6,"sage_facultative_resprouter",7,0.857142857142857,"Oct"
"630",2404,"rhov",2022-10-19,2,"sage_facultative_resprouter",9,0.222222222222222,"Oct"
"631",2404,"enca",2022-10-19,6,"sage_facultative_resprouter",10,0.6,"Oct"
"632",2404,"adfa",2022-10-19,6,"sage_facultative_resprouter",9,0.666666666666667,"Oct"
"633",2458,"mala",2022-10-19,3,"chaparral_only",12,0.25,"Oct"
"634",2458,"ceol",2022-10-19,4,"chaparral_only",13,0.307692307692308,"Oct"
"635",2458,"rhil",2022-10-19,1,"chaparral_only",12,0.0833333333333333,"Oct"
"636",2458,"rhov",2022-10-19,9,"chaparral_only",13,0.692307692307692,"Oct"
"637",2458,"hear",2022-10-19,2,"chaparral_only",12,0.166666666666667,"Oct"
"638",2458,"adfa",2022-10-19,2,"chaparral_only",13,0.153846153846154,"Oct"
"639",2403,"saap",2022-10-19,6,"sage_obligate_seeder/resprouter",10,0.6,"Oct"
"640",2403,"hear",2022-10-19,3,"sage_obligate_seeder/resprouter",7,0.428571428571429,"Oct"
"641",2403,"arca",2022-10-19,7,"sage_obligate_seeder/resprouter",10,0.7,"Oct"
"642",2403,"sale",2022-10-19,8,"sage_obligate_seeder/resprouter",10,0.8,"Oct"
"643",2403,"erfa",2022-10-19,5,"sage_obligate_seeder/resprouter",7,0.714285714285714,"Oct"
"644",2403,"same",2022-10-19,4,"sage_obligate_seeder/resprouter",7,0.571428571428571,"Oct"
"645",2403,"ceol",2022-10-19,1,"sage_obligate_seeder/resprouter",7,0.142857142857143,"Oct"
"646",2403,"enca",2022-10-19,8,"sage_obligate_seeder/resprouter",10,0.8,"Oct"
"647",2403,"cecu",2022-10-19,1,"sage_obligate_seeder/resprouter",5,0.2,"Oct"
"648",2461,"sale",2022-10-19,5,"sage_obligate_seeder/resprouter",10,0.5,"Oct"
"649",2461,"arca",2022-10-19,10,"sage_obligate_seeder/resprouter",10,1,"Oct"
"650",2461,"enca",2022-10-19,6,"sage_obligate_seeder/resprouter",10,0.6,"Oct"
"651",2461,"saap",2022-10-19,6,"sage_obligate_seeder/resprouter",10,0.6,"Oct"
"652",2461,"ceol",2022-10-19,1,"sage_obligate_seeder/resprouter",7,0.142857142857143,"Oct"
"653",2461,"same",2022-10-19,4,"sage_obligate_seeder/resprouter",7,0.571428571428571,"Oct"
"654",2461,"erfa",2022-10-19,2,"sage_obligate_seeder/resprouter",7,0.285714285714286,"Oct"
"655",2462,"rhov",2022-10-19,3,"sage_facultative_resprouter",9,0.333333333333333,"Oct"
"656",2462,"saap",2022-10-19,1,"sage_facultative_resprouter",10,0.1,"Oct"
"657",2401,"saap",2022-10-19,7,"sage_obligate_seeder/resprouter",10,0.7,"Oct"
"658",2401,"arca",2022-10-19,3,"sage_obligate_seeder/resprouter",10,0.3,"Oct"
"659",2401,"erfa",2022-10-19,2,"sage_obligate_seeder/resprouter",7,0.285714285714286,"Oct"
"660",2401,"same",2022-10-19,2,"sage_obligate_seeder/resprouter",7,0.285714285714286,"Oct"
"661",2401,"sale",2022-10-19,3,"sage_obligate_seeder/resprouter",10,0.3,"Oct"
"662",2459,"rhov",2022-10-19,7,"chaparral_only",13,0.538461538461538,"Oct"
"663",2459,"ceol",2022-10-19,3,"chaparral_only",13,0.230769230769231,"Oct"
"664",2459,"adfa",2022-10-19,4,"chaparral_only",13,0.307692307692308,"Oct"
"665",2459,"mala",2022-10-19,6,"chaparral_only",12,0.5,"Oct"
"666",2459,"hear",2022-10-19,2,"chaparral_only",12,0.166666666666667,"Oct"
"667",2405,"sale",2022-10-19,5,"sage_obligate_seeder/resprouter",10,0.5,"Oct"
"668",2405,"erfa",2022-10-19,4,"sage_obligate_seeder/resprouter",7,0.571428571428571,"Oct"
"669",2405,"saap",2022-10-19,4,"sage_obligate_seeder/resprouter",10,0.4,"Oct"
"670",2405,"cecu",2022-10-19,1,"sage_obligate_seeder/resprouter",5,0.2,"Oct"
"671",2405,"same",2022-10-19,3,"sage_obligate_seeder/resprouter",7,0.428571428571429,"Oct"
"672",2405,"hear",2022-10-19,1,"sage_obligate_seeder/resprouter",7,0.142857142857143,"Oct"
"673",2460,"saap",2022-10-19,7,"sage_facultative_resprouter",10,0.7,"Oct"
"674",2460,"erfa",2022-10-19,3,"sage_facultative_resprouter",7,0.428571428571429,"Oct"
"675",2460,"arca",2022-10-19,7,"sage_facultative_resprouter",10,0.7,"Oct"
"676",2460,"sale",2022-10-19,8,"sage_facultative_resprouter",10,0.8,"Oct"
"677",2460,"same",2022-10-19,5,"sage_facultative_resprouter",7,0.714285714285714,"Oct"
"678",2460,"mala",2022-10-19,2,"sage_facultative_resprouter",8,0.25,"Oct"
"679",2460,"enca",2022-10-19,8,"sage_facultative_resprouter",10,0.8,"Oct"
"680",2460,"rhov",2022-10-19,2,"sage_facultative_resprouter",9,0.222222222222222,"Oct"
"681",11,"arca",2022-10-19,0,"sage_facultative_resprouter",10,0,"Oct"
"682",11,"enca",2022-10-19,0,"sage_facultative_resprouter",10,0,"Oct"
"683",11,"adfa",2022-10-19,0,"sage_facultative_resprouter",9,0,"Oct"
"684",11,"rhov",2022-10-19,0,"sage_facultative_resprouter",9,0,"Oct"
"685",11,"mala",2022-10-19,0,"sage_facultative_resprouter",8,0,"Oct"
"686",12,"mala",2022-10-19,0,"chaparral_only",12,0,"Oct"
"687",13,"erfa",2022-10-19,0,"sage_obligate_seeder/resprouter",7,0,"Oct"
"688",13,"enca",2022-10-19,0,"sage_obligate_seeder/resprouter",10,0,"Oct"
"689",13,"ceol",2022-10-19,0,"sage_obligate_seeder/resprouter",7,0,"Oct"
"690",13,"hear",2022-10-19,0,"sage_obligate_seeder/resprouter",7,0,"Oct"
"691",13,"rhil",2022-10-19,0,"sage_obligate_seeder/resprouter",7,0,"Oct"
"692",15,"adfa",2022-10-19,0,"chaparral_only",13,0,"Oct"
"693",15,"hear",2022-10-19,0,"chaparral_only",12,0,"Oct"
"694",15,"ceol",2022-10-19,0,"chaparral_only",13,0,"Oct"
"695",15,"cecu",2022-10-19,0,"chaparral_only",5,0,"Oct"
"696",15,"rhil",2022-10-19,0,"chaparral_only",12,0,"Oct"
"697",15,"mala",2022-10-19,0,"chaparral_only",12,0,"Oct"
"698",2401,"enca",2022-10-19,2,"sage_obligate_seeder/resprouter",10,0.2,"Oct"
"699",2401,"ceol",2022-10-19,0,"sage_obligate_seeder/resprouter",7,0,"Oct"
"700",2401,"cecu",2022-10-19,0,"sage_obligate_seeder/resprouter",5,0,"Oct"
"701",2401,"hear",2022-10-19,0,"sage_obligate_seeder/resprouter",7,0,"Oct"
"702",2401,"rhil",2022-10-19,0,"sage_obligate_seeder/resprouter",7,0,"Oct"
"703",2402,"adfa",2022-10-19,0,"chaparral_only",13,0,"Oct"
"704",2402,"hear",2022-10-19,0,"chaparral_only",12,0,"Oct"
"705",2402,"rhov",2022-10-19,0,"chaparral_only",13,0,"Oct"
"706",2402,"ceol",2022-10-19,0,"chaparral_only",13,0,"Oct"
"707",2402,"cecu",2022-10-19,0,"chaparral_only",5,0,"Oct"
"708",2402,"rhil",2022-10-19,0,"chaparral_only",12,0,"Oct"
"709",2402,"mala",2022-10-19,0,"chaparral_only",12,0,"Oct"
"710",2403,"rhil",2022-10-19,0,"sage_obligate_seeder/resprouter",7,0,"Oct"
"711",2405,"arca",2022-10-19,0,"sage_obligate_seeder/resprouter",10,0,"Oct"
"712",2405,"enca",2022-10-19,4,"sage_obligate_seeder/resprouter",10,0.4,"Oct"
"713",2405,"ceol",2022-10-19,0,"sage_obligate_seeder/resprouter",7,0,"Oct"
"714",2405,"rhil",2022-10-19,0,"sage_obligate_seeder/resprouter",7,0,"Oct"
"715",2458,"cecu",2022-10-19,0,"chaparral_only",5,0,"Oct"
"716",2459,"cecu",2022-10-19,0,"chaparral_only",5,0,"Oct"
"717",2459,"rhil",2022-10-19,0,"chaparral_only",12,0,"Oct"
"718",2460,"adfa",2022-10-19,0,"sage_facultative_resprouter",9,0,"Oct"
"719",2461,"cecu",2022-10-19,0,"sage_obligate_seeder/resprouter",5,0,"Oct"
"720",2461,"hear",2022-10-19,0,"sage_obligate_seeder/resprouter",7,0,"Oct"
"721",2461,"rhil",2022-10-19,0,"sage_obligate_seeder/resprouter",7,0,"Oct"
"722",2462,"sale",2022-10-19,0,"sage_facultative_resprouter",10,0,"Oct"
"723",2462,"arca",2022-10-19,0,"sage_facultative_resprouter",10,0,"Oct"
"724",2462,"erfa",2022-10-19,0,"sage_facultative_resprouter",7,0,"Oct"
"725",2462,"same",2022-10-19,1,"sage_facultative_resprouter",7,0.142857142857143,"Oct"
"726",2462,"enca",2022-10-19,0,"sage_facultative_resprouter",10,0,"Oct"
"727",2462,"adfa",2022-10-19,1,"sage_facultative_resprouter",9,0.111111111111111,"Oct"
"728",2462,"mala",2022-10-19,0,"sage_facultative_resprouter",8,0,"Oct"
"729",15,"adfa",2022-11-21,0,"chaparral_only",13,0,"Nov"
"730",15,"rhov",2022-11-21,1,"chaparral_only",13,0.0769230769230769,"Nov"
"731",15,"mala",2022-11-21,0,"chaparral_only",12,0,"Nov"
"732",15,"hear",2022-11-21,0,"chaparral_only",12,0,"Nov"
"733",15,"rhil",2022-11-21,0,"chaparral_only",12,0,"Nov"
"734",15,"cecu",2022-11-21,0,"chaparral_only",5,0,"Nov"
"735",15,"ceol",2022-11-21,0,"chaparral_only",13,0,"Nov"
"736",14,"saap",2022-11-21,1,"sage_facultative_resprouter",10,0.1,"Nov"
"737",14,"arca",2022-11-21,1,"sage_facultative_resprouter",10,0.1,"Nov"
"738",14,"enca",2022-11-21,1,"sage_facultative_resprouter",10,0.1,"Nov"
"739",14,"adfa",2022-11-21,1,"sage_facultative_resprouter",9,0.111111111111111,"Nov"
"740",14,"sale",2022-11-21,1,"sage_facultative_resprouter",10,0.1,"Nov"
"741",14,"mala",2022-11-21,1,"sage_facultative_resprouter",8,0.125,"Nov"
"742",14,"rhov",2022-11-21,1,"sage_facultative_resprouter",9,0.111111111111111,"Nov"
"743",14,"erfa",2022-11-21,1,"sage_facultative_resprouter",7,0.142857142857143,"Nov"
"744",14,"same",2022-11-21,1,"sage_facultative_resprouter",7,0.142857142857143,"Nov"
"745",11,"erfa",2022-11-21,1,"sage_facultative_resprouter",7,0.142857142857143,"Nov"
"746",11,"saap",2022-11-21,1,"sage_facultative_resprouter",10,0.1,"Nov"
"747",11,"same",2022-11-21,1,"sage_facultative_resprouter",7,0.142857142857143,"Nov"
"748",11,"sale",2022-11-21,1,"sage_facultative_resprouter",10,0.1,"Nov"
"749",11,"arca",2022-11-21,0,"sage_facultative_resprouter",10,0,"Nov"
"750",11,"enca",2022-11-21,0,"sage_facultative_resprouter",10,0,"Nov"
"751",11,"adfa",2022-11-21,0,"sage_facultative_resprouter",9,0,"Nov"
"752",11,"rhov",2022-11-21,0,"sage_facultative_resprouter",9,0,"Nov"
"753",11,"mala",2022-11-21,0,"sage_facultative_resprouter",8,0,"Nov"
"754",12,"rhov",2022-11-21,1,"chaparral_only",13,0.0769230769230769,"Nov"
"755",12,"ceol",2022-11-21,1,"chaparral_only",13,0.0769230769230769,"Nov"
"756",12,"rhil",2022-11-21,1,"chaparral_only",12,0.0833333333333333,"Nov"
"757",12,"hear",2022-11-21,1,"chaparral_only",12,0.0833333333333333,"Nov"
"758",12,"cecu",2022-11-21,1,"chaparral_only",5,0.2,"Nov"
"759",12,"adfa",2022-11-21,1,"chaparral_only",13,0.0769230769230769,"Nov"
"760",12,"mala",2022-11-21,0,"chaparral_only",12,0,"Nov"
"761",13,"arca",2022-11-21,1,"sage_obligate_seeder/resprouter",10,0.1,"Nov"
"762",13,"cecu",2022-11-21,1,"sage_obligate_seeder/resprouter",5,0.2,"Nov"
"763",13,"same",2022-11-21,1,"sage_obligate_seeder/resprouter",7,0.142857142857143,"Nov"
"764",13,"sale",2022-11-21,1,"sage_obligate_seeder/resprouter",10,0.1,"Nov"
"765",13,"saap",2022-11-21,1,"sage_obligate_seeder/resprouter",10,0.1,"Nov"
"766",13,"enca",2022-11-21,0,"sage_obligate_seeder/resprouter",10,0,"Nov"
"767",13,"erfa",2022-11-21,0,"sage_obligate_seeder/resprouter",7,0,"Nov"
"768",13,"ceol",2022-11-21,0,"sage_obligate_seeder/resprouter",7,0,"Nov"
"769",13,"hear",2022-11-21,0,"sage_obligate_seeder/resprouter",7,0,"Nov"
"770",13,"rhil",2022-11-21,0,"sage_obligate_seeder/resprouter",7,0,"Nov"
